id,user,created_at,text,clean_text
1004455155037884416,kuba_suder,2018-06-06 20:09:05,"Wow, that CreateML demo at State of the Union with training a model to recognize flowers with a few lines of code is seriously some dark magic shit üò≥ #wwdc",Wow that CreateML demo at State of the Union with training a model to recognize flowers with a few lines of code is seriously some dark magic shit  wwdc
1004454641260728320,fsanuy,2018-06-06 20:07:02,New #USDZ 3D support for #AR by #Apple annouced at #WWDC 2018 with some great #Partners like @Sketchfab https://t.co/0YWfwEkStb,New USDZ 3D support for AR by Apple annouced at WWDC 2018 with some great Partners like Sketchfab  
1004452931154923520,DigitizedHouse,2018-06-06 20:00:15,"Apple #Home app finally arrives on #Mac with macOS #Mojave upgrade, enabling #HomeKit accessory control with #Siri or clicks https://t.co/ymH27eKEgJ #connectedhome #apple #macos #ios12 #smarthome #homeautomation #iot #iMac #MacBook #AppleHomeApp #WWDC #WWDC2018",Apple Home app finally arrives on Mac with macOS Mojave upgrade enabling HomeKit accessory control with Siri or clicks   connectedhome apple macos ios12 smarthome homeautomation iot iMac MacBook AppleHomeApp WWDC WWDC2018
1004452438751899649,IntegoSecurity,2018-06-06 19:58:17,"#macOSMojave: New Interface Options, Under the Hood Refinements https://t.co/cqrOWXmYqT #Apple #WWDC https://t.co/BFgDVvXu5a",macOSMojave New Interface Options Under the Hood Refinements   Apple WWDC  
1004452338017292289,sevenxr,2018-06-06 19:57:53,#wwdc archaeology... y‚Äôall missing out. #wwdc2018 https://t.co/YMWaIEN7ej,wwdc archaeology yall missing out wwdc2018  
1004451534493528064,patterson_home,2018-06-06 19:54:42,"Our next workshop will start at 1 pm. ""Don't miss "" Building an iOS App with millions of users -  Scale, Secure, Engage"". #AltConf #WWDC @developerWorks",Our next workshop will start at 1 pm Don't miss  Building an iOS App with millions of users   Scale Secure Engage AltConf WWDC developerWorks
1004450152872964096,Catfish_Man,2018-06-06 19:49:12,"Heading back to the office for now; labs were great, helped some folks out, and got a great testcase for a previously unknown crash. See y‚Äôall at the Foundation lab tomorrow afternoon üòä #wwdc",Heading back to the office for now labs were great helped some folks out and got a great testcase for a previously unknown crash See yall at the Foundation lab tomorrow afternoon  wwdc
1004450143582740481,BlueBite,2018-06-06 19:49:10,"Blue Bite CPO Paul Knight recaps #WWDC and reveals whether his predictions were right. Looks like he's not far off... 
https://t.co/vHICfeZVP4",Blue Bite CPO Paul Knight recaps WWDC and reveals whether his predictions were right Looks like he's not far off   
1004449652203089921,nicksak,2018-06-06 19:47:13,"AR demo at the Game Room at #WWDC18
#augmentedreality #ar #wwdc #wwdc2018 https://t.co/ZoXi1kWqtc",AR demo at the Game Room at WWDC18 augmentedreality ar wwdc wwdc2018  
1004448902756487168,kundandewani,2018-06-06 19:44:14,"Hey @rajavijayaraman , many congratulations for ur app recognition. Tumhe toh reward mil gaya, now make ur app free for sometime üòâ ‚Äúkhushiyan baatne sey badhti hai dost !‚Äù #Calzy 3 #India #WWDC #love #calculator",Hey rajavijayaraman  many congratulations for ur app recognition Tumhe toh reward mil gaya now make ur app free for sometime  khushiyan baatne sey badhti hai dost  Calzy 3 India WWDC love calculator
1004448730471378944,etanowitz,2018-06-06 19:43:33,"My first time at #WWDC. Who else is here? (@ WWDC 2018 in San Jose, CA) https://t.co/TAHgHB2hhE https://t.co/PMrCtFHP0l",My first time at WWDC Who else is here  WWDC 2018 in San Jose CA    
1004448670631116800,michalcodes,2018-06-06 19:43:19,"Is it just me or is #iOS12 beta 1 actually perform better than #iOS11.4?! For the first year ever, I may retract my wait statement for #iOSbeta. #WWDC #WWDC2018 #WWDC18 #apple #iPhone #iOS #keynote",Is it just me or is iOS12 beta 1 actually perform better than iOS114 For the first year ever I may retract my wait statement for iOSbeta WWDC WWDC2018 WWDC18 apple iPhone iOS keynote
1004448501709856769,JO_ADAM,2018-06-06 19:42:39,"WWDC app too slow for streaming/downloading?
#wwdc #dubdub",WWDC app too slow for streamingdownloading wwdc dubdub
1004445173449777153,andytrice,2018-06-06 19:29:25,"At #WWDC and want to learn a little about scalable back-ends for you iOS apps?  Come next door to #AltConf and check out @jkingoliver &amp; my saession ""Scalable iOS Applications with Serverless and Kubernetes"" Thursday at 11AM!",At WWDC and want to learn a little about scalable backends for you iOS apps  Come next door to AltConf and check out jkingoliver and my saession Scalable iOS Applications with Serverless and Kubernetes Thursday at 11AM
1004444760810061824,russshanahan,2018-06-06 19:27:47,"Wow, this will completely change how I use TestFlight. #wwdc https://t.co/jjdo5lQE76",Wow this will completely change how I use TestFlight wwdc  
1004441664189026305,TheYosef95,2018-06-06 19:15:29,apple has just created the perfect penis measurement tool #WWDC18 #WWDC #WWDC2018,apple has just created the perfect penis measurement tool WWDC18 WWDC WWDC2018
1004441481598259200,evankirstel,2018-06-06 19:14:45,Time to start building your own emoji #iOS12 #apple #WWDC https://t.co/3ZlOAGh0tW,Time to start building your own emoji iOS12 apple WWDC  
1004441369790767104,steipete,2018-06-06 19:14:18,Don‚Äôt forget the lunchtime sessions - they are not recorded! #WWDC https://t.co/yP1vM4pnui,Dont forget the lunchtime sessions  they are not recorded WWDC  
1004441067897290752,AydenGebranWWDC,2018-06-06 19:13:06,What's your favourite colour? #wwdc https://t.co/1hdBPZbbzu,What's your favourite colour wwdc  
1004441039342657536,SergioG_MX,2018-06-06 19:13:00,"Retweeted Fender (@Fender):

Yesterday you saw the @Apple #WWDC demo featuring the Fender Mod Shop, now go check it out for yourself! (U.S. only) https://t.co/9bVU3Pe1H0 https://t.co/8WvRZsRBof",Retweeted Fender Fender  Yesterday you saw the Apple WWDC demo featuring the Fender Mod Shop now go check it out for yourself US only    
1004441010137518081,neferwrites,2018-06-06 19:12:53,"I cannot tell you how happy this makes me. üòä

https://t.co/AuoLjonkYc

#GoogleMaps #WWDC #carplay",I cannot tell you how happy this makes me      GoogleMaps WWDC carplay
1004440626992050178,asmallteapot,2018-06-06 19:11:21,I‚Äôll be at #WWDC this afternoon through Friday! Would love to say hi to my Twitter friends between sessions ‚ò∫Ô∏è,Ill be at WWDC this afternoon through Friday Would love to say hi to my Twitter friends between sessions 
1004440171494834176,char_fish,2018-06-06 19:09:33,#WWDC18 - 50% complete!! #WWDC,WWDC18  50 complete WWDC
1004440043048468480,jerols,2018-06-06 19:09:02,Heading to San Pedro square for casual lunch - feel free to join #wwdc,Heading to San Pedro square for casual lunch  feel free to join wwdc
1004439734234599429,pauljadam,2018-06-06 19:07:48,Designing Web Content for watchOS - #WWDC 2018 - Videos - Apple Developer https://t.co/tmfEsKxJzu,Designing Web Content for watchOS  WWDC 2018  Videos  Apple Developer  
1004438784736448514,SleekDeals,2018-06-06 19:04:02,"üî• Lowest Price!
Apple iPhone 6, Unlocked GSM for $170

https://t.co/miCqfwKTtg

#ios #geek #deals #tech #amazon #home #gifts #diy #design #style #fashion #wwdc #WWDC18 #WWDC2018 #men #women #dev #iphonex https://t.co/0X9mEBbyWD", Lowest Price Apple iPhone 6 Unlocked GSM for 170     ios geek deals tech amazon home gifts diy design style fashion wwdc WWDC18 WWDC2018 men women dev iphonex  
1004438232367394816,mootpointer,2018-06-06 19:01:50,"I loved @laurenstrehlow‚Äôs talk on Quality. Couldn‚Äôt help but have this going in my head. https://t.co/BZkiY4w3wx

(From one of my 7 month old son‚Äôs favourite records) #WWDC",I loved laurenstrehlows talk on Quality Couldnt help but have this going in my head    From one of my 7 month old sons favourite records WWDC
1004436896146165760,donmcallister,2018-06-06 18:56:32,Bye San Jose and #WWDC and my old and new friends. Been a blast but time to head home.,Bye San Jose and WWDC and my old and new friends Been a blast but time to head home
1004436710883618816,gtsifrikas,2018-06-06 18:55:48,The qualities of great design. Wow that was a very m well-crafted presentation! üëè #WWDC,The qualities of great design Wow that was a very m wellcrafted presentation  WWDC
1004436118752727040,solJKlein,2018-06-06 18:53:26,From the drive in for #WWDC. Shooting from a car sort of combines the worlds of sport and landscape photography. :) https://t.co/38FCTwxIRW https://t.co/sO7q155eAj,From the drive in for WWDC Shooting from a car sort of combines the worlds of sport and landscape photography     
1004436069209657344,_ant_one,2018-06-06 18:53:15,Working on my Flutter app at the #WWDC labs. Kind of ironic. If you are near stop to said hi!. https://t.co/KG4KkwX75d,Working on my Flutter app at the WWDC labs Kind of ironic If you are near stop to said hi  
1004435503968444416,PlutoVR,2018-06-06 18:51:00,Who's down in San Jose for #WWDC ? What topics or sessions have piqued your interest? https://t.co/x2JeNZr89x #technews #devs #vrforgood #wwdc2018,Who's down in San Jose for WWDC  What topics or sessions have piqued your interest   technews devs vrforgood wwdc2018
1004434420764311552,Catfish_Man,2018-06-06 18:46:42,Heading over to Iguanas for burritos #wwdc,Heading over to Iguanas for burritos wwdc
1004434129537196032,cassler,2018-06-06 18:45:32,#Apple has announced a beta of #MapKitJS to take on Google Maps web embeds. Now you can get directions to that store that closed four years ago in the browser! #wwdc,Apple has announced a beta of MapKitJS to take on Google Maps web embeds Now you can get directions to that store that closed four years ago in the browser wwdc
1004433923403902976,timdgreen,2018-06-06 18:44:43,I didn‚Äôt realise you could combine effects. So cool! #wwdc #ios12 https://t.co/fCWPj0oFlW,I didnt realise you could combine effects So cool wwdc ios12  
1004433763533819906,B60uk,2018-06-06 18:44:05,The latest B60 Daily Mobile News! https://t.co/pC4YJqEvQq #wwdc18 #wwdc,The latest B60 Daily Mobile News   wwdc18 wwdc
1004433732294488064,StuFFmc,2018-06-06 18:43:57,Which lab or Apple engineer should I see for a question about the this keyboard on iOS? #wwdc,Which lab or Apple engineer should I see for a question about the this keyboard on iOS wwdc
1004433530414247936,StuFFmc,2018-06-06 18:43:09,Is there a summary of the new APIs for privacy on iOS 12?! #wwdc,Is there a summary of the new APIs for privacy on iOS 12 wwdc
1004433012237352960,iniitamo,2018-06-06 18:41:06,So this happened... I guess :). On Monday I picked up an Apple Design Award for our app BANDIMAL at WWDC 2018. Yay...? It truly is humbling to be awarded about the greatest honor in our industry. https://t.co/3yPd9je587 @Apple @YATATOY #wwdc #wwdc2018 #appledesignawards #bandimal https://t.co/e5wB2nYEIf,So this happened I guess  On Monday I picked up an Apple Design Award for our app BANDIMAL at WWDC 2018 Yay It truly is humbling to be awarded about the greatest honor in our industry   Apple YATATOY wwdc wwdc2018 appledesignawards bandimal  
1004432748260577280,designfeast,2018-06-06 18:40:03,‚ÄúWhat #designers need to know about #Apple‚Äôs #WWDC announcements‚Äù https://t.co/2gHAkOTIqo by @JimMcCauley. #Tech ·î• @Tom_May | üì∑: Josh Edelson https://t.co/Me69PzqZyI,What designers need to know about Apples WWDC announcements   by JimMcCauley Tech  TomMay   Josh Edelson  
1004432497151655936,StuFFmc,2018-06-06 18:39:03,I need to go to a Dokumentation Lab.  They are confusing me ;) e.g. what‚Äôs new here?! https://t.co/JRWPxz6krr  #wwdc,I need to go to a Dokumentation Lab  They are confusing me  eg whats new here    wwdc
1004431425213325312,bontouch,2018-06-06 18:34:47,"One of the highlights at this year‚Äôs #WWDC is the AR hands-on area. Not sure anyone but Apple‚Äôs designers have these huge wooden tables at home, but lots of fun for sure. üòÖüèÜ https://t.co/HccjaTJAIG",One of the highlights at this years WWDC is the AR handson area Not sure anyone but Apples designers have these huge wooden tables at home but lots of fun for sure   
1004431332993220608,StuFFmc,2018-06-06 18:34:25,"This is good news, people. #wwdc #CarPlay. https://t.co/yvMYnuHvjI https://t.co/QZXh8mKm4r",This is good news people wwdc CarPlay    
1004431007821361153,jerols,2018-06-06 18:33:08,"Loved @samrosenthal's quote in @laurenstrehlow's #wwdc talk, summarized: being told isn't as much fun as discovering something for yourself.

Context was learning in games but applies to apps too. Throwing up a bunch of tooltips at the beginning is neither memorable or enjoyable",Loved samrosenthal's quote in laurenstrehlow's wwdc talk summarized being told isn't as much fun as discovering something for yourself  Context was learning in games but applies to apps too Throwing up a bunch of tooltips at the beginning is neither memorable or enjoyable
1004431004235325440,StuFFmc,2018-06-06 18:33:07,"iOS 12, macOS 10.12, you know, kind of the same right? ;-) #wwdc https://t.co/O9Qhtu9apE",iOS 12 macOS 1012 you know kind of the same right  wwdc  
1004429127154204672,mootpointer,2018-06-06 18:25:39,Word up to @themikestern dropping the jazz knowledge. I have a question: is ‚Äúcool‚Äù different to ‚Äúthe cool‚Äù? #WWDC https://t.co/Ti37KKHFa9,Word up to themikestern dropping the jazz knowledge I have a question is cool different to the cool WWDC  
1004428865672900609,bontouch,2018-06-06 18:24:37,This morning we also enjoyed a great Women@WWDC breakfast featuring terrific panel discussions with female #WWDC scholarship winners from all over the world. https://t.co/ZSBMNlbH3E,This morning we also enjoyed a great WomenWWDC breakfast featuring terrific panel discussions with female WWDC scholarship winners from all over the world  
1004428854788669441,jerols,2018-06-06 18:24:35,"Just like cues like cleanliness and decor of a butcher shop instill trust that the food is quality, ""screenshots on the App Store and how you respond to customer reviews all communicates the quality of your app or game"" @laurenstrehlow #wwdc",Just like cues like cleanliness and decor of a butcher shop instill trust that the food is quality screenshots on the App Store and how you respond to customer reviews all communicates the quality of your app or game laurenstrehlow wwdc
1004428681740148736,virtudude,2018-06-06 18:23:53,"I might be a little biased because @10percent is featured in the session, but Shortcuts on Siri Watch Face is one of the most exciting features announced this year. It‚Äôs way more powerful than what was highlighted in the keynote. #wwdc",I might be a little biased because 10percent is featured in the session but Shortcuts on Siri Watch Face is one of the most exciting features announced this year Its way more powerful than what was highlighted in the keynote wwdc
1004427858188566528,i_am_fabs,2018-06-06 18:20:37,"Twitter: ""Shit."" 

#wwdc #wwdc18 #analytics 

https://t.co/NnnMVh3Mzt https://t.co/DYzYkegHXm",Twitter Shit   wwdc wwdc18 analytics      
1004427558899757056,steve_kuchta,2018-06-06 18:19:26,Really loving all the new touchbar features introduced at #WWDC.,Really loving all the new touchbar features introduced at WWDC
1004427419749625856,MGS_88,2018-06-06 18:18:52,"IBM vs Apple in 1992
#Windows #Macintosh 
#IBM #Apple #WWDC18 #wwdc #Computex2018 #computex https://t.co/MKGhoBFRo8",IBM vs Apple in 1992 Windows Macintosh  IBM Apple WWDC18 wwdc Computex2018 computex  
1004427418835275779,AlexKara15,2018-06-06 18:18:52,Core Location &amp; Mapping Labs are happening now until 12pm in Technology Lab 3 &amp; 5 - come say hi and bring questions! #WWDC,Core Location and Mapping Labs are happening now until 12pm in Technology Lab 3 and 5  come say hi and bring questions WWDC
1004426612270649344,KennyDevotion,2018-06-06 18:15:40,No new #iPhone at #WWDC is #Apple's big mistake: https://t.co/X6OCppWbKf,No new iPhone at WWDC is Apple's big mistake  
1004426407399886850,pj4533,2018-06-06 18:14:51,INTENSE definition file.  #wwdc,INTENSE definition file  wwdc
1004425645206753280,roshan_mirajkar,2018-06-06 18:11:49,"Disappointed to not see more Siri improvements at #WWDC. There has to be more openness and third party integrations. This is where Alexa is winning, along with better natural language processing",Disappointed to not see more Siri improvements at WWDC There has to be more openness and third party integrations This is where Alexa is winning along with better natural language processing
1004425555532541953,jwilker,2018-06-06 18:11:28,Hey #sciencefiction readers at #wwdc and @AltConference. I‚Äôve got two copies of Space Rogues if anyone needs a summer read. Don‚Äôt wanna bring ‚Äòme home :D https://t.co/czkKSD8z6a,Hey sciencefiction readers at wwdc and AltConference Ive got two copies of Space Rogues if anyone needs a summer read Dont wanna bring me home D  
1004425031949012998,atomicbird,2018-06-06 18:09:23,‚ÄúMost documents are stored in the cloud nowadays‚Äù #wwdc,Most documents are stored in the cloud nowadays wwdc
1004424657523523584,corey_gwin,2018-06-06 18:07:54,"So, no new Macbook Pro announcement at #WWDC. I really would like to upgrade but I'm holding out. https://t.co/AvvkVlsEjY",So no new Macbook Pro announcement at WWDC I really would like to upgrade but I'm holding out  
1004424636027686912,Catfish_Man,2018-06-06 18:07:49,"Me: ok I‚Äôll wander by the Swift lab to see if I can help!

Everyone: Codable? Codable? Codable?

Me: *hides behind @itaiferber and @millenomi*

#wwdc",Me ok Ill wander by the Swift lab to see if I can help  Everyone Codable Codable Codable  Me hides behind itaiferber and millenomi  wwdc
1004424367185498112,BackeliteAgency,2018-06-06 18:06:45,"A lot of people at the ""Qualities of Great Design"" talk at #WWDC right now. And we're here too. #apple https://t.co/5RtvWWm8f1",A lot of people at the Qualities of Great Design talk at WWDC right now And we're here too apple  
1004424152705523713,jerols,2018-06-06 18:05:53,Great job @gravicle &amp; @ayanonagon ‚Äî loved the Siri Shortcuts session. Can't wait to use these APIs! #wwdc,Great job gravicle and ayanonagon  loved the Siri Shortcuts session Can't wait to use these APIs wwdc
1004423973239689216,baazus,2018-06-06 18:05:11,"Apple revealed it‚Äôs iOS12 with new features and increased privacy settings. https://t.co/FrK7ahkYeY 

#WWDC #apple #iOS #iOS12",Apple revealed its iOS12 with new features and increased privacy settings     WWDC apple iOS iOS12
1004422812499697664,VusionVR,2018-06-06 18:00:34,MarTech Today believes #Apple‚Äôs new version of #ARKit could be a game-changer for the #augmentedreality industry: https://t.co/wzObsuXE5y #WWDC,MarTech Today believes Apples new version of ARKit could be a gamechanger for the augmentedreality industry   WWDC
1004422669830258689,jonhutch,2018-06-06 18:00:00,"From @natjlevy on @geekwire ""This is a huge improvement over what #Siri could do before""

#Apple @_HairForceOne #WWDC18 #iOS #wwdc #ios12 https://t.co/vD4TgPpAow",From natjlevy on geekwire This is a huge improvement over what Siri could do before  Apple HairForceOne WWDC18 iOS wwdc ios12  
1004422428204961792,TechValor,2018-06-06 17:59:02,"Tonight on Wine Wednesday we GOTTA chat about #WWDC, #Huawei #Facebook and much much more!
@djeze416 @Scrumptyous1 @EmilyDBakerESQ 
https://t.co/UyPSlrCFLm https://t.co/JqqT8rNc2A",Tonight on Wine Wednesday we GOTTA chat about WWDC Huawei Facebook and much much more djeze416 Scrumptyous1 EmilyDBakerESQ     
1004421418140856320,patterson_home,2018-06-06 17:55:01,The IBM Workshop Day is underway in the Willow Glen rooms in the Marriott. Bring you laptop and get started now with Watson for #CoreML. #Altconf #wwdc https://t.co/v2FmOpiVNR,The IBM Workshop Day is underway in the Willow Glen rooms in the Marriott Bring you laptop and get started now with Watson for CoreML Altconf wwdc  
1004420299675389952,pmcg,2018-06-06 17:50:35,Transmit! at the disco #WWDC,Transmit at the disco WWDC
1004419575772078080,che1404,2018-06-06 17:47:42,#wwdc Visit 1 Infinite Loop ‚úÖ https://t.co/Dp9u6xtLkO https://t.co/Tv756Z4xCs,wwdc Visit 1 Infinite Loop     
1004419568805269505,che1404,2018-06-06 17:47:41,#wwdc Visit Apple Park ‚úÖ https://t.co/jugCsqYTKD https://t.co/fp70tztbFH,wwdc Visit Apple Park     
1004419432951746561,thecomputerclan,2018-06-06 17:47:08,"Krazy Ken watches the #WWDC 2018 keynote. Were his bets right? Enjoy the commentary super-cut‚Ä¶

WATCH: https://t.co/stYvDWtDot https://t.co/Sct13CAA1N",Krazy Ken watches the WWDC 2018 keynote Were his bets right Enjoy the commentary supercut  WATCH    
1004419152323469313,Archimage,2018-06-06 17:46:01,Need to catch up on #WWDC sessions I missed.,Need to catch up on WWDC sessions I missed
1004418493142503425,disruptivedean,2018-06-06 17:43:24,"Unless I missed it, there were various new additions to #FaceTime and #iMessage in #iOS12 announced at @Apple #WWDC... but no mention of RCS.

No surprises there, then. #ZombieTech",Unless I missed it there were various new additions to FaceTime and iMessage in iOS12 announced at Apple WWDC but no mention of RCS  No surprises there then ZombieTech
1004417955675897856,mcdevins,2018-06-06 17:41:16,Victory! #swiftshot #arkit2 #wwdc https://t.co/QgLptn3m9i,Victory swiftshot arkit2 wwdc  
1004417594252845056,MichaelTheGeek,2018-06-06 17:39:50,Apple Executive Greg Joswiak Dismisses Planned Obsolescence as 'Craziest Thinking in the World'      #WWDC,Apple Executive Greg Joswiak Dismisses Planned Obsolescence as 'Craziest Thinking in the World'      WWDC
1004417590742192128,vibalnyc,2018-06-06 17:39:49,Whaaat? Just a little collab with Apple and Pixar. NBD. Get a preview of what‚Äôs in store for AR content creation with Adobe‚Äôs Project Aero ‚Äì first seen at #WWDC ‚Äì and our collaboration with Apple and Pixar: https://t.co/ACZmNg0jQx https://t.co/gJ1ZOcefpF,Whaaat Just a little collab with Apple and Pixar NBD Get a preview of whats in store for AR content creation with Adobes Project Aero  first seen at WWDC  and our collaboration with Apple and Pixar    
1004417508751826947,HomepodSleeves,2018-06-06 17:39:29,"Ice Cream üç® Wednesday at @LittleManDenver 
Bring your HomePod‚Ñ¢ to life! 
Any photo, any design, any pattern. 
@HomePodSleeves

‚≠ïÔ∏è‚ù§Ô∏è

#powerful #pink #WWDC #siri #shortcuts #icecream #littleman #apple #Sound #iOS #OSX #applefan #applemusic #AppleTV #denver #colorado https://t.co/6PIIMpoMfm",Ice Cream  Wednesday at LittleManDenver  Bring your HomePod to life  Any photo any design any pattern  HomePodSleeves    powerful pink WWDC siri shortcuts icecream littleman apple Sound iOS OSX applefan applemusic AppleTV denver colorado  
1004416626618335234,shalomormsby,2018-06-06 17:35:59,"The AR tech that Apple and @Adobe demoed at #WWDC has tons of potential for those who need assistive technology. Delighted that AR tech is finally mainstreaming, and eager to apply it for the cause. Check out Project Aero: https://t.co/7kNwnEKH2N
#AR #assistivetechnology #bionics",The AR tech that Apple and Adobe demoed at WWDC has tons of potential for those who need assistive technology Delighted that AR tech is finally mainstreaming and eager to apply it for the cause Check out Project Aero   AR assistivetechnology bionics
1004415242955132929,FollowAurelius,2018-06-06 17:30:29,"From the perspective of consumers, Apple‚Äôs entrance into the AI democratization game should be a positive ‚Äì and not just for those invested into Apple‚Äôs ecosystem. https://t.co/XnvE3AXF13 via @WIRED #AI #ArtificialIntelligence #Apple #WWDC",From the perspective of consumers Apples entrance into the AI democratization game should be a positive  and not just for those invested into Apples ecosystem   via WIRED AI ArtificialIntelligence Apple WWDC
1004415168334499840,ultimatedeath11,2018-06-06 17:30:11,So I know I wasn't at #WWDC but did anyone that was there LIKE the changes or what they announced? I felt kinda underwhelmed. Let me know,So I know I wasn't at WWDC but did anyone that was there LIKE the changes or what they announced I felt kinda underwhelmed Let me know
1004415147266531328,bmichaelgroff,2018-06-06 17:30:06,"I like it.

#apple #Apple #WWDC #WWDC18 #IOS #iOS12 #iOS11 #iosbeta https://t.co/WFCWWXpSVj",I like it  apple Apple WWDC WWDC18 IOS iOS12 iOS11 iosbeta  
1004414902121816064,lostincode,2018-06-06 17:29:08,Siri is about to level up big time ü§ò #wwdc,Siri is about to level up big time  wwdc
1004413756581900288,YouthAppps,2018-06-06 17:24:35,Calzy 3 iOS App - India's First iOS App to Win an Apple Design Award. https://t.co/hvmSSStiE5 #Calzy #Calculator #CalculatorApp #iOSApp #AppleDesignAward #WWDC #YouthApps @calzy3 https://t.co/s2nZQkYaHq,Calzy 3 iOS App  India's First iOS App to Win an Apple Design Award   Calzy Calculator CalculatorApp iOSApp AppleDesignAward WWDC YouthApps calzy3  
1004413381170917376,usnews,2018-06-06 17:23:05,#WWDC has given analysts a better idea of what to expect from @Apple. https://t.co/DNGHxvrmxv $AAPL,WWDC has given analysts a better idea of what to expect from Apple   AAPL
1004412663403704320,StuFFmc,2018-06-06 17:20:14,"Except your French is Canadian French, @Apple, not french from France or Belgium :( killing me. #punctuation #wwdc",Except your French is Canadian French Apple not french from France or Belgium  killing me punctuation wwdc
1004412436944830464,smeidu,2018-06-06 17:19:20,Just had a 30min session with Apple‚Äòs Accessibility team at #WWDC. Super helpful feedback. #A11y #Design #AtScale,Just had a 30min session with Apples Accessibility team at WWDC Super helpful feedback A11y Design AtScale
1004412354937774081,McCarron,2018-06-06 17:19:01,"Why this #WWDC SiriKit presenter writing a ""soup out of stock error message"" didn't go with ""No Soup For You"" is a huge missed opportunity.",Why this WWDC SiriKit presenter writing a soup out of stock error message didn't go with No Soup For You is a huge missed opportunity
1004411788908220417,YATATOY,2018-06-06 17:16:46,"We are still jumping around and can‚Äôt settle :) Thank you again so much @AppStore for your support and this incredible Award!!!

https://t.co/QSoCQHfAiI  

#WWDC2018 #WWDC https://t.co/JfULCRf8n7",We are still jumping around and cant settle  Thank you again so much AppStore for your support and this incredible Award       WWDC2018 WWDC  
1004411769584939008,McCarron,2018-06-06 17:16:41,Appears I am seeing Panic! At The Disco at #wwdc‚Ä¶ https://t.co/Ihi6XT5liN,Appears I am seeing Panic At The Disco at wwdc  
1004411594896441345,philipmcdermott,2018-06-06 17:15:59,Oh god is it Eddy Cue? #wwdc https://t.co/UUYxlvQ5Rs,Oh god is it Eddy Cue wwdc  
1004411525820395520,russnettle,2018-06-06 17:15:43,"Hats off to the Siri team, the Siri shortcuts look really well implemented. Rather than having to fit into a limited category, any app can now provide I Siri responses with really quick to use auto generated intent subclasses ü§ô#wwdc #iOS dev #ios12",Hats off to the Siri team the Siri shortcuts look really well implemented Rather than having to fit into a limited category any app can now provide I Siri responses with really quick to use auto generated intent subclasses wwdc iOS dev ios12
1004410984251973632,patterson_home,2018-06-06 17:13:34,"Attending #altconf or #wwdc? Don't miss the @AltConference lab ""Build a virtual assistant into your iOS apps"" starting at 10. In lab room 2",Attending altconf or wwdc Don't miss the AltConference lab Build a virtual assistant into your iOS apps starting at 10 In lab room 2
1004410928958279680,horiuni,2018-06-06 17:13:21,Panic! At The Disco is playing at the #WWDC Bash! üòç https://t.co/Ui6g135T38,Panic At The Disco is playing at the WWDC Bash   
1004409186522812416,CBCompton1,2018-06-06 17:06:25,"The new #Kitura macOS App makes getting started with serverside #Swift quick and easy. Nice work @alex_wishart!  üíØ

#WWDC18 #WWDC #WWDC2018 #SwiftLang https://t.co/zbtr3lePH1",The new Kitura macOS App makes getting started with serverside Swift quick and easy Nice work alexwishart    WWDC18 WWDC WWDC2018 SwiftLang  
1004408345980297216,AppDemoVideos,2018-06-06 17:03:05,"Apple's iOS App Store Will Top $100B Paid Out to Developers This Week, Ahead of 10th Anniversary in July: https://t.co/bkIgI0y6BQ #wwdc #appdev",Apple's iOS App Store Will Top 100B Paid Out to Developers This Week Ahead of 10th Anniversary in July   wwdc appdev
1004407755179003904,carlowahlstedt,2018-06-06 17:00:44,One of the best things I've seen come out of a conference this year. https://t.co/XqV2ZPyVdZ #wwdc,One of the best things I've seen come out of a conference this year   wwdc
1004407547451904000,virakri,2018-06-06 16:59:54,"Here is some random ideas of using #EyesTracking in #ARKit2 telling where on screens users are looking at... And here is the prototype. 

#ARKit #iOS12 #iOS #Swift #WWDC #WWDC18 #Apple #ARCore #AugmentedReality #iPhoneX #WeAreProlific https://t.co/IWxYvfDLo3",Here is some random ideas of using EyesTracking in ARKit2 telling where on screens users are looking at And here is the prototype   ARKit iOS12 iOS Swift WWDC WWDC18 Apple ARCore AugmentedReality iPhoneX WeAreProlific  
1004407536664002561,_ivancr,2018-06-06 16:59:52,#WWDC week is intense. How intense? I thought it was Thursday and tomorrow I going home intense.,WWDC week is intense How intense I thought it was Thursday and tomorrow I going home intense
1004407069791797248,thillsman,2018-06-06 16:58:01,About to see @gravicle talk about the new Siri Shortcuts awesomeness. #wwdc,About to see gravicle talk about the new Siri Shortcuts awesomeness wwdc
1004406506517815298,2020Glen,2018-06-06 16:55:46,When the spotlight is gone only the your dark theme remains. #wwdc https://t.co/IT51yT8RbJ,When the spotlight is gone only the your dark theme remains wwdc  
